family	method	model	rank	group	n_species	recovered
recA	ml_ref	none	phylum	Actinomycetota	6	1
recA	ml_ref	none	phylum	Bacillota	6	1
recA	ml_ref	none	phylum	Campylobacterota	6	1
recA	ml_ref	none	phylum	Chlamydiota	6	1
recA	ml_ref	none	phylum	Cyanobacteriota	6	1
recA	ml_ref	none	phylum	Pseudomonadota	6	1
recA	ml_ref	none	phylum	Spirochaetota	6	0
recA	ml_ref	none	class	Actinomycetes	5	1
recA	ml_ref	none	class	Alphaproteobacteria	2	1
recA	ml_ref	none	class	Bacilli	3	1
recA	ml_ref	none	class	Betaproteobacteria	2	1
recA	ml_ref	none	class	Chlamydiia	6	1
recA	ml_ref	none	class	Clostridia	3	0
recA	ml_ref	none	class	Cyanophyceae	6	1
recA	ml_ref	none	class	Epsilonproteobacteria	6	1
recA	ml_ref	none	class	Gammaproteobacteria	2	1
recA	ml_ref	none	class	Leptospiria	2	1
recA	ml_ref	none	class	Spirochaetia	4	1
recA	ml_ref	none	order	Campylobacterales	5	1
recA	ml_ref	none	order	Caryophanales	2	1
recA	ml_ref	none	order	Chlamydiales	6	1
recA	ml_ref	none	order	Chroococcales	2	1
recA	ml_ref	none	order	Leptospirales	2	1
recA	ml_ref	none	order	Spirochaetales	2	1
recA	ml_ref	none	order	Treponematales	2	1
recA	meanpool	onehot	phylum	Actinomycetota	6	0
recA	meanpool	onehot	phylum	Bacillota	6	0
recA	meanpool	onehot	phylum	Campylobacterota	6	0
recA	meanpool	onehot	phylum	Chlamydiota	6	1
recA	meanpool	onehot	phylum	Cyanobacteriota	6	0
recA	meanpool	onehot	phylum	Pseudomonadota	6	0
recA	meanpool	onehot	phylum	Spirochaetota	6	0
recA	meanpool	onehot	class	Actinomycetes	5	0
recA	meanpool	onehot	class	Alphaproteobacteria	2	0
recA	meanpool	onehot	class	Bacilli	3	0
recA	meanpool	onehot	class	Betaproteobacteria	2	0
recA	meanpool	onehot	class	Chlamydiia	6	1
recA	meanpool	onehot	class	Clostridia	3	0
recA	meanpool	onehot	class	Cyanophyceae	6	0
recA	meanpool	onehot	class	Epsilonproteobacteria	6	0
recA	meanpool	onehot	class	Gammaproteobacteria	2	0
recA	meanpool	onehot	class	Leptospiria	2	1
recA	meanpool	onehot	class	Spirochaetia	4	0
recA	meanpool	onehot	order	Campylobacterales	5	0
recA	meanpool	onehot	order	Caryophanales	2	0
recA	meanpool	onehot	order	Chlamydiales	6	1
recA	meanpool	onehot	order	Chroococcales	2	1
recA	meanpool	onehot	order	Leptospirales	2	1
recA	meanpool	onehot	order	Spirochaetales	2	0
recA	meanpool	onehot	order	Treponematales	2	0
recA	meanpool	esm2_t12_35M_UR50D	phylum	Actinomycetota	6	0
recA	meanpool	esm2_t12_35M_UR50D	phylum	Bacillota	6	0
recA	meanpool	esm2_t12_35M_UR50D	phylum	Campylobacterota	6	0
recA	meanpool	esm2_t12_35M_UR50D	phylum	Chlamydiota	6	1
recA	meanpool	esm2_t12_35M_UR50D	phylum	Cyanobacteriota	6	0
recA	meanpool	esm2_t12_35M_UR50D	phylum	Pseudomonadota	6	0
recA	meanpool	esm2_t12_35M_UR50D	phylum	Spirochaetota	6	0
recA	meanpool	esm2_t12_35M_UR50D	class	Actinomycetes	5	0
recA	meanpool	esm2_t12_35M_UR50D	class	Alphaproteobacteria	2	0
recA	meanpool	esm2_t12_35M_UR50D	class	Bacilli	3	0
recA	meanpool	esm2_t12_35M_UR50D	class	Betaproteobacteria	2	0
recA	meanpool	esm2_t12_35M_UR50D	class	Chlamydiia	6	1
recA	meanpool	esm2_t12_35M_UR50D	class	Clostridia	3	0
recA	meanpool	esm2_t12_35M_UR50D	class	Cyanophyceae	6	0
recA	meanpool	esm2_t12_35M_UR50D	class	Epsilonproteobacteria	6	0
recA	meanpool	esm2_t12_35M_UR50D	class	Gammaproteobacteria	2	1
recA	meanpool	esm2_t12_35M_UR50D	class	Leptospiria	2	0
recA	meanpool	esm2_t12_35M_UR50D	class	Spirochaetia	4	0
recA	meanpool	esm2_t12_35M_UR50D	order	Campylobacterales	5	1
recA	meanpool	esm2_t12_35M_UR50D	order	Caryophanales	2	1
recA	meanpool	esm2_t12_35M_UR50D	order	Chlamydiales	6	1
recA	meanpool	esm2_t12_35M_UR50D	order	Chroococcales	2	1
recA	meanpool	esm2_t12_35M_UR50D	order	Leptospirales	2	0
recA	meanpool	esm2_t12_35M_UR50D	order	Spirochaetales	2	1
recA	meanpool	esm2_t12_35M_UR50D	order	Treponematales	2	0
recA	pea	onehot	phylum	Actinomycetota	6	1
recA	pea	onehot	phylum	Bacillota	6	1
recA	pea	onehot	phylum	Campylobacterota	6	1
recA	pea	onehot	phylum	Chlamydiota	6	1
recA	pea	onehot	phylum	Cyanobacteriota	6	1
recA	pea	onehot	phylum	Pseudomonadota	6	1
recA	pea	onehot	phylum	Spirochaetota	6	0
recA	pea	onehot	class	Actinomycetes	5	1
recA	pea	onehot	class	Alphaproteobacteria	2	1
recA	pea	onehot	class	Bacilli	3	1
recA	pea	onehot	class	Betaproteobacteria	2	1
recA	pea	onehot	class	Chlamydiia	6	1
recA	pea	onehot	class	Clostridia	3	0
recA	pea	onehot	class	Cyanophyceae	6	1
recA	pea	onehot	class	Epsilonproteobacteria	6	1
recA	pea	onehot	class	Gammaproteobacteria	2	1
recA	pea	onehot	class	Leptospiria	2	1
recA	pea	onehot	class	Spirochaetia	4	1
recA	pea	onehot	order	Campylobacterales	5	1
recA	pea	onehot	order	Caryophanales	2	1
recA	pea	onehot	order	Chlamydiales	6	1
recA	pea	onehot	order	Chroococcales	2	1
recA	pea	onehot	order	Leptospirales	2	1
recA	pea	onehot	order	Spirochaetales	2	1
recA	pea	onehot	order	Treponematales	2	1
recA	pea	esm2_t12_35M_UR50D	phylum	Actinomycetota	6	0
recA	pea	esm2_t12_35M_UR50D	phylum	Bacillota	6	0
recA	pea	esm2_t12_35M_UR50D	phylum	Campylobacterota	6	1
recA	pea	esm2_t12_35M_UR50D	phylum	Chlamydiota	6	1
recA	pea	esm2_t12_35M_UR50D	phylum	Cyanobacteriota	6	1
recA	pea	esm2_t12_35M_UR50D	phylum	Pseudomonadota	6	1
recA	pea	esm2_t12_35M_UR50D	phylum	Spirochaetota	6	0
recA	pea	esm2_t12_35M_UR50D	class	Actinomycetes	5	1
recA	pea	esm2_t12_35M_UR50D	class	Alphaproteobacteria	2	1
recA	pea	esm2_t12_35M_UR50D	class	Bacilli	3	1
recA	pea	esm2_t12_35M_UR50D	class	Betaproteobacteria	2	1
recA	pea	esm2_t12_35M_UR50D	class	Chlamydiia	6	1
recA	pea	esm2_t12_35M_UR50D	class	Clostridia	3	1
recA	pea	esm2_t12_35M_UR50D	class	Cyanophyceae	6	1
recA	pea	esm2_t12_35M_UR50D	class	Epsilonproteobacteria	6	1
recA	pea	esm2_t12_35M_UR50D	class	Gammaproteobacteria	2	1
recA	pea	esm2_t12_35M_UR50D	class	Leptospiria	2	1
recA	pea	esm2_t12_35M_UR50D	class	Spirochaetia	4	1
recA	pea	esm2_t12_35M_UR50D	order	Campylobacterales	5	1
recA	pea	esm2_t12_35M_UR50D	order	Caryophanales	2	1
recA	pea	esm2_t12_35M_UR50D	order	Chlamydiales	6	1
recA	pea	esm2_t12_35M_UR50D	order	Chroococcales	2	1
recA	pea	esm2_t12_35M_UR50D	order	Leptospirales	2	1
recA	pea	esm2_t12_35M_UR50D	order	Spirochaetales	2	1
recA	pea	esm2_t12_35M_UR50D	order	Treponematales	2	1
recA	msaresid_mafft	onehot	phylum	Actinomycetota	6	1
recA	msaresid_mafft	onehot	phylum	Bacillota	6	1
recA	msaresid_mafft	onehot	phylum	Campylobacterota	6	1
recA	msaresid_mafft	onehot	phylum	Chlamydiota	6	1
recA	msaresid_mafft	onehot	phylum	Cyanobacteriota	6	1
recA	msaresid_mafft	onehot	phylum	Pseudomonadota	6	1
recA	msaresid_mafft	onehot	phylum	Spirochaetota	6	0
recA	msaresid_mafft	onehot	class	Actinomycetes	5	1
recA	msaresid_mafft	onehot	class	Alphaproteobacteria	2	1
recA	msaresid_mafft	onehot	class	Bacilli	3	1
recA	msaresid_mafft	onehot	class	Betaproteobacteria	2	1
recA	msaresid_mafft	onehot	class	Chlamydiia	6	1
recA	msaresid_mafft	onehot	class	Clostridia	3	0
recA	msaresid_mafft	onehot	class	Cyanophyceae	6	1
recA	msaresid_mafft	onehot	class	Epsilonproteobacteria	6	1
recA	msaresid_mafft	onehot	class	Gammaproteobacteria	2	1
recA	msaresid_mafft	onehot	class	Leptospiria	2	1
recA	msaresid_mafft	onehot	class	Spirochaetia	4	1
recA	msaresid_mafft	onehot	order	Campylobacterales	5	1
recA	msaresid_mafft	onehot	order	Caryophanales	2	1
recA	msaresid_mafft	onehot	order	Chlamydiales	6	1
recA	msaresid_mafft	onehot	order	Chroococcales	2	1
recA	msaresid_mafft	onehot	order	Leptospirales	2	1
recA	msaresid_mafft	onehot	order	Spirochaetales	2	1
recA	msaresid_mafft	onehot	order	Treponematales	2	1
recA	msaresid_mafft	esm2_t12_35M_UR50D	phylum	Actinomycetota	6	0
recA	msaresid_mafft	esm2_t12_35M_UR50D	phylum	Bacillota	6	0
recA	msaresid_mafft	esm2_t12_35M_UR50D	phylum	Campylobacterota	6	1
recA	msaresid_mafft	esm2_t12_35M_UR50D	phylum	Chlamydiota	6	1
recA	msaresid_mafft	esm2_t12_35M_UR50D	phylum	Cyanobacteriota	6	1
recA	msaresid_mafft	esm2_t12_35M_UR50D	phylum	Pseudomonadota	6	1
recA	msaresid_mafft	esm2_t12_35M_UR50D	phylum	Spirochaetota	6	0
recA	msaresid_mafft	esm2_t12_35M_UR50D	class	Actinomycetes	5	1
recA	msaresid_mafft	esm2_t12_35M_UR50D	class	Alphaproteobacteria	2	1
recA	msaresid_mafft	esm2_t12_35M_UR50D	class	Bacilli	3	1
recA	msaresid_mafft	esm2_t12_35M_UR50D	class	Betaproteobacteria	2	1
recA	msaresid_mafft	esm2_t12_35M_UR50D	class	Chlamydiia	6	1
recA	msaresid_mafft	esm2_t12_35M_UR50D	class	Clostridia	3	1
recA	msaresid_mafft	esm2_t12_35M_UR50D	class	Cyanophyceae	6	1
recA	msaresid_mafft	esm2_t12_35M_UR50D	class	Epsilonproteobacteria	6	1
recA	msaresid_mafft	esm2_t12_35M_UR50D	class	Gammaproteobacteria	2	1
recA	msaresid_mafft	esm2_t12_35M_UR50D	class	Leptospiria	2	1
recA	msaresid_mafft	esm2_t12_35M_UR50D	class	Spirochaetia	4	1
recA	msaresid_mafft	esm2_t12_35M_UR50D	order	Campylobacterales	5	1
recA	msaresid_mafft	esm2_t12_35M_UR50D	order	Caryophanales	2	1
recA	msaresid_mafft	esm2_t12_35M_UR50D	order	Chlamydiales	6	1
recA	msaresid_mafft	esm2_t12_35M_UR50D	order	Chroococcales	2	1
recA	msaresid_mafft	esm2_t12_35M_UR50D	order	Leptospirales	2	1
recA	msaresid_mafft	esm2_t12_35M_UR50D	order	Spirochaetales	2	1
recA	msaresid_mafft	esm2_t12_35M_UR50D	order	Treponematales	2	1
recA	ml	none	phylum	Actinomycetota	6	1
recA	ml	none	phylum	Bacillota	6	1
recA	ml	none	phylum	Campylobacterota	6	1
recA	ml	none	phylum	Chlamydiota	6	1
recA	ml	none	phylum	Cyanobacteriota	6	1
recA	ml	none	phylum	Pseudomonadota	6	1
recA	ml	none	phylum	Spirochaetota	6	0
recA	ml	none	class	Actinomycetes	5	1
recA	ml	none	class	Alphaproteobacteria	2	1
recA	ml	none	class	Bacilli	3	1
recA	ml	none	class	Betaproteobacteria	2	1
recA	ml	none	class	Chlamydiia	6	1
recA	ml	none	class	Clostridia	3	0
recA	ml	none	class	Cyanophyceae	6	1
recA	ml	none	class	Epsilonproteobacteria	6	1
recA	ml	none	class	Gammaproteobacteria	2	1
recA	ml	none	class	Leptospiria	2	1
recA	ml	none	class	Spirochaetia	4	1
recA	ml	none	order	Campylobacterales	5	1
recA	ml	none	order	Caryophanales	2	1
recA	ml	none	order	Chlamydiales	6	1
recA	ml	none	order	Chroococcales	2	1
recA	ml	none	order	Leptospirales	2	1
recA	ml	none	order	Spirochaetales	2	1
recA	ml	none	order	Treponematales	2	1
recA	bionj	none	phylum	Actinomycetota	6	1
recA	bionj	none	phylum	Bacillota	6	1
recA	bionj	none	phylum	Campylobacterota	6	1
recA	bionj	none	phylum	Chlamydiota	6	1
recA	bionj	none	phylum	Cyanobacteriota	6	1
recA	bionj	none	phylum	Pseudomonadota	6	0
recA	bionj	none	phylum	Spirochaetota	6	0
recA	bionj	none	class	Actinomycetes	5	1
recA	bionj	none	class	Alphaproteobacteria	2	1
recA	bionj	none	class	Bacilli	3	1
recA	bionj	none	class	Betaproteobacteria	2	1
recA	bionj	none	class	Chlamydiia	6	1
recA	bionj	none	class	Clostridia	3	0
recA	bionj	none	class	Cyanophyceae	6	1
recA	bionj	none	class	Epsilonproteobacteria	6	1
recA	bionj	none	class	Gammaproteobacteria	2	1
recA	bionj	none	class	Leptospiria	2	1
recA	bionj	none	class	Spirochaetia	4	1
recA	bionj	none	order	Campylobacterales	5	1
recA	bionj	none	order	Caryophanales	2	1
recA	bionj	none	order	Chlamydiales	6	1
recA	bionj	none	order	Chroococcales	2	1
recA	bionj	none	order	Leptospirales	2	1
recA	bionj	none	order	Spirochaetales	2	1
recA	bionj	none	order	Treponematales	2	1
recA	kmer	none	phylum	Actinomycetota	6	0
recA	kmer	none	phylum	Bacillota	6	1
recA	kmer	none	phylum	Campylobacterota	6	1
recA	kmer	none	phylum	Chlamydiota	6	1
recA	kmer	none	phylum	Cyanobacteriota	6	1
recA	kmer	none	phylum	Pseudomonadota	6	0
recA	kmer	none	phylum	Spirochaetota	6	0
recA	kmer	none	class	Actinomycetes	5	1
recA	kmer	none	class	Alphaproteobacteria	2	0
recA	kmer	none	class	Bacilli	3	0
recA	kmer	none	class	Betaproteobacteria	2	1
recA	kmer	none	class	Chlamydiia	6	1
recA	kmer	none	class	Clostridia	3	0
recA	kmer	none	class	Cyanophyceae	6	1
recA	kmer	none	class	Epsilonproteobacteria	6	1
recA	kmer	none	class	Gammaproteobacteria	2	1
recA	kmer	none	class	Leptospiria	2	1
recA	kmer	none	class	Spirochaetia	4	1
recA	kmer	none	order	Campylobacterales	5	1
recA	kmer	none	order	Caryophanales	2	1
recA	kmer	none	order	Chlamydiales	6	1
recA	kmer	none	order	Chroococcales	2	1
recA	kmer	none	order	Leptospirales	2	1
recA	kmer	none	order	Spirochaetales	2	1
recA	kmer	none	order	Treponematales	2	1
rpsC	ml_ref	none	phylum	Actinomycetota	6	1
rpsC	ml_ref	none	phylum	Bacillota	6	1
rpsC	ml_ref	none	phylum	Campylobacterota	6	1
rpsC	ml_ref	none	phylum	Chlamydiota	6	1
rpsC	ml_ref	none	phylum	Cyanobacteriota	6	1
rpsC	ml_ref	none	phylum	Pseudomonadota	6	1
rpsC	ml_ref	none	phylum	Spirochaetota	6	1
rpsC	ml_ref	none	class	Actinomycetes	5	1
rpsC	ml_ref	none	class	Alphaproteobacteria	2	1
rpsC	ml_ref	none	class	Bacilli	3	1
rpsC	ml_ref	none	class	Betaproteobacteria	2	1
rpsC	ml_ref	none	class	Chlamydiia	6	1
rpsC	ml_ref	none	class	Clostridia	3	1
rpsC	ml_ref	none	class	Cyanophyceae	6	1
rpsC	ml_ref	none	class	Epsilonproteobacteria	6	1
rpsC	ml_ref	none	class	Gammaproteobacteria	2	1
rpsC	ml_ref	none	class	Leptospiria	2	1
rpsC	ml_ref	none	class	Spirochaetia	4	1
rpsC	ml_ref	none	order	Campylobacterales	5	0
rpsC	ml_ref	none	order	Caryophanales	2	1
rpsC	ml_ref	none	order	Chlamydiales	6	1
rpsC	ml_ref	none	order	Chroococcales	2	1
rpsC	ml_ref	none	order	Leptospirales	2	1
rpsC	ml_ref	none	order	Spirochaetales	2	1
rpsC	ml_ref	none	order	Treponematales	2	1
rpsC	meanpool	onehot	phylum	Actinomycetota	6	0
rpsC	meanpool	onehot	phylum	Bacillota	6	0
rpsC	meanpool	onehot	phylum	Campylobacterota	6	0
rpsC	meanpool	onehot	phylum	Chlamydiota	6	1
rpsC	meanpool	onehot	phylum	Cyanobacteriota	6	1
rpsC	meanpool	onehot	phylum	Pseudomonadota	6	0
rpsC	meanpool	onehot	phylum	Spirochaetota	6	0
rpsC	meanpool	onehot	class	Actinomycetes	5	1
rpsC	meanpool	onehot	class	Alphaproteobacteria	2	1
rpsC	meanpool	onehot	class	Bacilli	3	1
rpsC	meanpool	onehot	class	Betaproteobacteria	2	0
rpsC	meanpool	onehot	class	Chlamydiia	6	1
rpsC	meanpool	onehot	class	Clostridia	3	0
rpsC	meanpool	onehot	class	Cyanophyceae	6	1
rpsC	meanpool	onehot	class	Epsilonproteobacteria	6	0
rpsC	meanpool	onehot	class	Gammaproteobacteria	2	1
rpsC	meanpool	onehot	class	Leptospiria	2	1
rpsC	meanpool	onehot	class	Spirochaetia	4	0
rpsC	meanpool	onehot	order	Campylobacterales	5	0
rpsC	meanpool	onehot	order	Caryophanales	2	1
rpsC	meanpool	onehot	order	Chlamydiales	6	1
rpsC	meanpool	onehot	order	Chroococcales	2	0
rpsC	meanpool	onehot	order	Leptospirales	2	1
rpsC	meanpool	onehot	order	Spirochaetales	2	1
rpsC	meanpool	onehot	order	Treponematales	2	0
rpsC	meanpool	esm2_t12_35M_UR50D	phylum	Actinomycetota	6	0
rpsC	meanpool	esm2_t12_35M_UR50D	phylum	Bacillota	6	0
rpsC	meanpool	esm2_t12_35M_UR50D	phylum	Campylobacterota	6	1
rpsC	meanpool	esm2_t12_35M_UR50D	phylum	Chlamydiota	6	1
rpsC	meanpool	esm2_t12_35M_UR50D	phylum	Cyanobacteriota	6	0
rpsC	meanpool	esm2_t12_35M_UR50D	phylum	Pseudomonadota	6	0
rpsC	meanpool	esm2_t12_35M_UR50D	phylum	Spirochaetota	6	0
rpsC	meanpool	esm2_t12_35M_UR50D	class	Actinomycetes	5	0
rpsC	meanpool	esm2_t12_35M_UR50D	class	Alphaproteobacteria	2	0
rpsC	meanpool	esm2_t12_35M_UR50D	class	Bacilli	3	1
rpsC	meanpool	esm2_t12_35M_UR50D	class	Betaproteobacteria	2	0
rpsC	meanpool	esm2_t12_35M_UR50D	class	Chlamydiia	6	1
rpsC	meanpool	esm2_t12_35M_UR50D	class	Clostridia	3	0
rpsC	meanpool	esm2_t12_35M_UR50D	class	Cyanophyceae	6	0
rpsC	meanpool	esm2_t12_35M_UR50D	class	Epsilonproteobacteria	6	1
rpsC	meanpool	esm2_t12_35M_UR50D	class	Gammaproteobacteria	2	1
rpsC	meanpool	esm2_t12_35M_UR50D	class	Leptospiria	2	1
rpsC	meanpool	esm2_t12_35M_UR50D	class	Spirochaetia	4	1
rpsC	meanpool	esm2_t12_35M_UR50D	order	Campylobacterales	5	1
rpsC	meanpool	esm2_t12_35M_UR50D	order	Caryophanales	2	1
rpsC	meanpool	esm2_t12_35M_UR50D	order	Chlamydiales	6	1
rpsC	meanpool	esm2_t12_35M_UR50D	order	Chroococcales	2	0
rpsC	meanpool	esm2_t12_35M_UR50D	order	Leptospirales	2	1
rpsC	meanpool	esm2_t12_35M_UR50D	order	Spirochaetales	2	1
rpsC	meanpool	esm2_t12_35M_UR50D	order	Treponematales	2	1
rpsC	pea	onehot	phylum	Actinomycetota	6	0
rpsC	pea	onehot	phylum	Bacillota	6	1
rpsC	pea	onehot	phylum	Campylobacterota	6	1
rpsC	pea	onehot	phylum	Chlamydiota	6	1
rpsC	pea	onehot	phylum	Cyanobacteriota	6	1
rpsC	pea	onehot	phylum	Pseudomonadota	6	1
rpsC	pea	onehot	phylum	Spirochaetota	6	1
rpsC	pea	onehot	class	Actinomycetes	5	1
rpsC	pea	onehot	class	Alphaproteobacteria	2	1
rpsC	pea	onehot	class	Bacilli	3	1
rpsC	pea	onehot	class	Betaproteobacteria	2	1
rpsC	pea	onehot	class	Chlamydiia	6	1
rpsC	pea	onehot	class	Clostridia	3	1
rpsC	pea	onehot	class	Cyanophyceae	6	1
rpsC	pea	onehot	class	Epsilonproteobacteria	6	1
rpsC	pea	onehot	class	Gammaproteobacteria	2	1
rpsC	pea	onehot	class	Leptospiria	2	1
rpsC	pea	onehot	class	Spirochaetia	4	1
rpsC	pea	onehot	order	Campylobacterales	5	1
rpsC	pea	onehot	order	Caryophanales	2	1
rpsC	pea	onehot	order	Chlamydiales	6	1
rpsC	pea	onehot	order	Chroococcales	2	1
rpsC	pea	onehot	order	Leptospirales	2	1
rpsC	pea	onehot	order	Spirochaetales	2	1
rpsC	pea	onehot	order	Treponematales	2	1
rpsC	pea	esm2_t12_35M_UR50D	phylum	Actinomycetota	6	1
rpsC	pea	esm2_t12_35M_UR50D	phylum	Bacillota	6	1
rpsC	pea	esm2_t12_35M_UR50D	phylum	Campylobacterota	6	1
rpsC	pea	esm2_t12_35M_UR50D	phylum	Chlamydiota	6	1
rpsC	pea	esm2_t12_35M_UR50D	phylum	Cyanobacteriota	6	1
rpsC	pea	esm2_t12_35M_UR50D	phylum	Pseudomonadota	6	1
rpsC	pea	esm2_t12_35M_UR50D	phylum	Spirochaetota	6	1
rpsC	pea	esm2_t12_35M_UR50D	class	Actinomycetes	5	1
rpsC	pea	esm2_t12_35M_UR50D	class	Alphaproteobacteria	2	1
rpsC	pea	esm2_t12_35M_UR50D	class	Bacilli	3	1
rpsC	pea	esm2_t12_35M_UR50D	class	Betaproteobacteria	2	1
rpsC	pea	esm2_t12_35M_UR50D	class	Chlamydiia	6	1
rpsC	pea	esm2_t12_35M_UR50D	class	Clostridia	3	1
rpsC	pea	esm2_t12_35M_UR50D	class	Cyanophyceae	6	1
rpsC	pea	esm2_t12_35M_UR50D	class	Epsilonproteobacteria	6	1
rpsC	pea	esm2_t12_35M_UR50D	class	Gammaproteobacteria	2	1
rpsC	pea	esm2_t12_35M_UR50D	class	Leptospiria	2	1
rpsC	pea	esm2_t12_35M_UR50D	class	Spirochaetia	4	1
rpsC	pea	esm2_t12_35M_UR50D	order	Campylobacterales	5	1
rpsC	pea	esm2_t12_35M_UR50D	order	Caryophanales	2	1
rpsC	pea	esm2_t12_35M_UR50D	order	Chlamydiales	6	1
rpsC	pea	esm2_t12_35M_UR50D	order	Chroococcales	2	1
rpsC	pea	esm2_t12_35M_UR50D	order	Leptospirales	2	1
rpsC	pea	esm2_t12_35M_UR50D	order	Spirochaetales	2	1
rpsC	pea	esm2_t12_35M_UR50D	order	Treponematales	2	1
rpsC	msaresid_mafft	onehot	phylum	Actinomycetota	6	1
rpsC	msaresid_mafft	onehot	phylum	Bacillota	6	1
rpsC	msaresid_mafft	onehot	phylum	Campylobacterota	6	1
rpsC	msaresid_mafft	onehot	phylum	Chlamydiota	6	1
rpsC	msaresid_mafft	onehot	phylum	Cyanobacteriota	6	1
rpsC	msaresid_mafft	onehot	phylum	Pseudomonadota	6	1
rpsC	msaresid_mafft	onehot	phylum	Spirochaetota	6	1
rpsC	msaresid_mafft	onehot	class	Actinomycetes	5	1
rpsC	msaresid_mafft	onehot	class	Alphaproteobacteria	2	1
rpsC	msaresid_mafft	onehot	class	Bacilli	3	1
rpsC	msaresid_mafft	onehot	class	Betaproteobacteria	2	1
rpsC	msaresid_mafft	onehot	class	Chlamydiia	6	1
rpsC	msaresid_mafft	onehot	class	Clostridia	3	1
rpsC	msaresid_mafft	onehot	class	Cyanophyceae	6	1
rpsC	msaresid_mafft	onehot	class	Epsilonproteobacteria	6	1
rpsC	msaresid_mafft	onehot	class	Gammaproteobacteria	2	1
rpsC	msaresid_mafft	onehot	class	Leptospiria	2	1
rpsC	msaresid_mafft	onehot	class	Spirochaetia	4	1
rpsC	msaresid_mafft	onehot	order	Campylobacterales	5	1
rpsC	msaresid_mafft	onehot	order	Caryophanales	2	1
rpsC	msaresid_mafft	onehot	order	Chlamydiales	6	1
rpsC	msaresid_mafft	onehot	order	Chroococcales	2	1
rpsC	msaresid_mafft	onehot	order	Leptospirales	2	1
rpsC	msaresid_mafft	onehot	order	Spirochaetales	2	1
rpsC	msaresid_mafft	onehot	order	Treponematales	2	1
rpsC	msaresid_mafft	esm2_t12_35M_UR50D	phylum	Actinomycetota	6	0
rpsC	msaresid_mafft	esm2_t12_35M_UR50D	phylum	Bacillota	6	1
rpsC	msaresid_mafft	esm2_t12_35M_UR50D	phylum	Campylobacterota	6	1
rpsC	msaresid_mafft	esm2_t12_35M_UR50D	phylum	Chlamydiota	6	1
rpsC	msaresid_mafft	esm2_t12_35M_UR50D	phylum	Cyanobacteriota	6	1
rpsC	msaresid_mafft	esm2_t12_35M_UR50D	phylum	Pseudomonadota	6	1
rpsC	msaresid_mafft	esm2_t12_35M_UR50D	phylum	Spirochaetota	6	0
rpsC	msaresid_mafft	esm2_t12_35M_UR50D	class	Actinomycetes	5	1
rpsC	msaresid_mafft	esm2_t12_35M_UR50D	class	Alphaproteobacteria	2	1
rpsC	msaresid_mafft	esm2_t12_35M_UR50D	class	Bacilli	3	1
rpsC	msaresid_mafft	esm2_t12_35M_UR50D	class	Betaproteobacteria	2	1
rpsC	msaresid_mafft	esm2_t12_35M_UR50D	class	Chlamydiia	6	1
rpsC	msaresid_mafft	esm2_t12_35M_UR50D	class	Clostridia	3	1
rpsC	msaresid_mafft	esm2_t12_35M_UR50D	class	Cyanophyceae	6	1
rpsC	msaresid_mafft	esm2_t12_35M_UR50D	class	Epsilonproteobacteria	6	1
rpsC	msaresid_mafft	esm2_t12_35M_UR50D	class	Gammaproteobacteria	2	1
rpsC	msaresid_mafft	esm2_t12_35M_UR50D	class	Leptospiria	2	1
rpsC	msaresid_mafft	esm2_t12_35M_UR50D	class	Spirochaetia	4	1
rpsC	msaresid_mafft	esm2_t12_35M_UR50D	order	Campylobacterales	5	1
rpsC	msaresid_mafft	esm2_t12_35M_UR50D	order	Caryophanales	2	1
rpsC	msaresid_mafft	esm2_t12_35M_UR50D	order	Chlamydiales	6	1
rpsC	msaresid_mafft	esm2_t12_35M_UR50D	order	Chroococcales	2	1
rpsC	msaresid_mafft	esm2_t12_35M_UR50D	order	Leptospirales	2	1
rpsC	msaresid_mafft	esm2_t12_35M_UR50D	order	Spirochaetales	2	1
rpsC	msaresid_mafft	esm2_t12_35M_UR50D	order	Treponematales	2	1
rpsC	ml	none	phylum	Actinomycetota	6	1
rpsC	ml	none	phylum	Bacillota	6	1
rpsC	ml	none	phylum	Campylobacterota	6	1
rpsC	ml	none	phylum	Chlamydiota	6	1
rpsC	ml	none	phylum	Cyanobacteriota	6	1
rpsC	ml	none	phylum	Pseudomonadota	6	1
rpsC	ml	none	phylum	Spirochaetota	6	1
rpsC	ml	none	class	Actinomycetes	5	1
rpsC	ml	none	class	Alphaproteobacteria	2	1
rpsC	ml	none	class	Bacilli	3	1
rpsC	ml	none	class	Betaproteobacteria	2	1
rpsC	ml	none	class	Chlamydiia	6	1
rpsC	ml	none	class	Clostridia	3	1
rpsC	ml	none	class	Cyanophyceae	6	1
rpsC	ml	none	class	Epsilonproteobacteria	6	1
rpsC	ml	none	class	Gammaproteobacteria	2	1
rpsC	ml	none	class	Leptospiria	2	1
rpsC	ml	none	class	Spirochaetia	4	1
rpsC	ml	none	order	Campylobacterales	5	0
rpsC	ml	none	order	Caryophanales	2	1
rpsC	ml	none	order	Chlamydiales	6	1
rpsC	ml	none	order	Chroococcales	2	1
rpsC	ml	none	order	Leptospirales	2	1
rpsC	ml	none	order	Spirochaetales	2	1
rpsC	ml	none	order	Treponematales	2	1
rpsC	bionj	none	phylum	Actinomycetota	6	0
rpsC	bionj	none	phylum	Bacillota	6	1
rpsC	bionj	none	phylum	Campylobacterota	6	1
rpsC	bionj	none	phylum	Chlamydiota	6	1
rpsC	bionj	none	phylum	Cyanobacteriota	6	1
rpsC	bionj	none	phylum	Pseudomonadota	6	1
rpsC	bionj	none	phylum	Spirochaetota	6	0
rpsC	bionj	none	class	Actinomycetes	5	1
rpsC	bionj	none	class	Alphaproteobacteria	2	1
rpsC	bionj	none	class	Bacilli	3	1
rpsC	bionj	none	class	Betaproteobacteria	2	1
rpsC	bionj	none	class	Chlamydiia	6	1
rpsC	bionj	none	class	Clostridia	3	1
rpsC	bionj	none	class	Cyanophyceae	6	1
rpsC	bionj	none	class	Epsilonproteobacteria	6	1
rpsC	bionj	none	class	Gammaproteobacteria	2	1
rpsC	bionj	none	class	Leptospiria	2	1
rpsC	bionj	none	class	Spirochaetia	4	1
rpsC	bionj	none	order	Campylobacterales	5	1
rpsC	bionj	none	order	Caryophanales	2	1
rpsC	bionj	none	order	Chlamydiales	6	1
rpsC	bionj	none	order	Chroococcales	2	1
rpsC	bionj	none	order	Leptospirales	2	1
rpsC	bionj	none	order	Spirochaetales	2	1
rpsC	bionj	none	order	Treponematales	2	1
rpsC	kmer	none	phylum	Actinomycetota	6	1
rpsC	kmer	none	phylum	Bacillota	6	1
rpsC	kmer	none	phylum	Campylobacterota	6	1
rpsC	kmer	none	phylum	Chlamydiota	6	1
rpsC	kmer	none	phylum	Cyanobacteriota	6	1
rpsC	kmer	none	phylum	Pseudomonadota	6	1
rpsC	kmer	none	phylum	Spirochaetota	6	1
rpsC	kmer	none	class	Actinomycetes	5	1
rpsC	kmer	none	class	Alphaproteobacteria	2	1
rpsC	kmer	none	class	Bacilli	3	1
rpsC	kmer	none	class	Betaproteobacteria	2	1
rpsC	kmer	none	class	Chlamydiia	6	1
rpsC	kmer	none	class	Clostridia	3	1
rpsC	kmer	none	class	Cyanophyceae	6	1
rpsC	kmer	none	class	Epsilonproteobacteria	6	1
rpsC	kmer	none	class	Gammaproteobacteria	2	1
rpsC	kmer	none	class	Leptospiria	2	1
rpsC	kmer	none	class	Spirochaetia	4	1
rpsC	kmer	none	order	Campylobacterales	5	1
rpsC	kmer	none	order	Caryophanales	2	1
rpsC	kmer	none	order	Chlamydiales	6	1
rpsC	kmer	none	order	Chroococcales	2	1
rpsC	kmer	none	order	Leptospirales	2	1
rpsC	kmer	none	order	Spirochaetales	2	1
rpsC	kmer	none	order	Treponematales	2	1
