family	rank	group	n_species	bionj__none	kmer__none	meanpool__esm2_t12_35M_UR50D	meanpool__onehot	ml__none	ml_ref__none	msaresid_mafft__esm2_t12_35M_UR50D	msaresid_mafft__onehot	pea__esm2_t12_35M_UR50D	pea__onehot
recA	phylum	Actinomycetota	6	1	0	0	0	1	1	0	1	0	1
recA	phylum	Bacillota	6	1	1	0	0	1	1	0	1	0	1
recA	phylum	Campylobacterota	6	1	1	0	0	1	1	1	1	1	1
recA	phylum	Chlamydiota	6	1	1	1	1	1	1	1	1	1	1
recA	phylum	Cyanobacteriota	6	1	1	0	0	1	1	1	1	1	1
recA	phylum	Pseudomonadota	6	0	0	0	0	1	1	1	1	1	1
recA	phylum	Spirochaetota	6	0	0	0	0	0	0	0	0	0	0
recA	class	Actinomycetes	5	1	1	0	0	1	1	1	1	1	1
recA	class	Alphaproteobacteria	2	1	0	0	0	1	1	1	1	1	1
recA	class	Bacilli	3	1	0	0	0	1	1	1	1	1	1
recA	class	Betaproteobacteria	2	1	1	0	0	1	1	1	1	1	1
recA	class	Chlamydiia	6	1	1	1	1	1	1	1	1	1	1
recA	class	Clostridia	3	0	0	0	0	0	0	1	0	1	0
recA	class	Cyanophyceae	6	1	1	0	0	1	1	1	1	1	1
recA	class	Epsilonproteobacteria	6	1	1	0	0	1	1	1	1	1	1
recA	class	Gammaproteobacteria	2	1	1	1	0	1	1	1	1	1	1
recA	class	Leptospiria	2	1	1	0	1	1	1	1	1	1	1
recA	class	Spirochaetia	4	1	1	0	0	1	1	1	1	1	1
recA	order	Campylobacterales	5	1	1	1	0	1	1	1	1	1	1
recA	order	Caryophanales	2	1	1	1	0	1	1	1	1	1	1
recA	order	Chlamydiales	6	1	1	1	1	1	1	1	1	1	1
recA	order	Chroococcales	2	1	1	1	1	1	1	1	1	1	1
recA	order	Leptospirales	2	1	1	0	1	1	1	1	1	1	1
recA	order	Spirochaetales	2	1	1	1	0	1	1	1	1	1	1
recA	order	Treponematales	2	1	1	0	0	1	1	1	1	1	1
rpsC	phylum	Actinomycetota	6	0	1	0	0	1	1	0	1	1	0
rpsC	phylum	Bacillota	6	1	1	0	0	1	1	1	1	1	1
rpsC	phylum	Campylobacterota	6	1	1	1	0	1	1	1	1	1	1
rpsC	phylum	Chlamydiota	6	1	1	1	1	1	1	1	1	1	1
rpsC	phylum	Cyanobacteriota	6	1	1	0	1	1	1	1	1	1	1
rpsC	phylum	Pseudomonadota	6	1	1	0	0	1	1	1	1	1	1
rpsC	phylum	Spirochaetota	6	0	1	0	0	1	1	0	1	1	1
rpsC	class	Actinomycetes	5	1	1	0	1	1	1	1	1	1	1
rpsC	class	Alphaproteobacteria	2	1	1	0	1	1	1	1	1	1	1
rpsC	class	Bacilli	3	1	1	1	1	1	1	1	1	1	1
rpsC	class	Betaproteobacteria	2	1	1	0	0	1	1	1	1	1	1
rpsC	class	Chlamydiia	6	1	1	1	1	1	1	1	1	1	1
rpsC	class	Clostridia	3	1	1	0	0	1	1	1	1	1	1
rpsC	class	Cyanophyceae	6	1	1	0	1	1	1	1	1	1	1
rpsC	class	Epsilonproteobacteria	6	1	1	1	0	1	1	1	1	1	1
rpsC	class	Gammaproteobacteria	2	1	1	1	1	1	1	1	1	1	1
rpsC	class	Leptospiria	2	1	1	1	1	1	1	1	1	1	1
rpsC	class	Spirochaetia	4	1	1	1	0	1	1	1	1	1	1
rpsC	order	Campylobacterales	5	1	1	1	0	0	0	1	1	1	1
rpsC	order	Caryophanales	2	1	1	1	1	1	1	1	1	1	1
rpsC	order	Chlamydiales	6	1	1	1	1	1	1	1	1	1	1
rpsC	order	Chroococcales	2	1	1	0	0	1	1	1	1	1	1
rpsC	order	Leptospirales	2	1	1	1	1	1	1	1	1	1	1
rpsC	order	Spirochaetales	2	1	1	1	1	1	1	1	1	1	1
rpsC	order	Treponematales	2	1	1	1	0	1	1	1	1	1	1
