family	method	model	scope	rank	n_groups	fraction
recA	ml_ref	none	all	phylum	7	0.8571
recA	ml_ref	none	all	class	11	0.9091
recA	ml_ref	none	all	order	7	1.0000
recA	ml_ref	none	all	all_ranks	20	0.9000
recA	ml_ref	none	without_Chlamydiota	phylum	6	0.8333
recA	ml_ref	none	without_Chlamydiota	class	10	0.9000
recA	ml_ref	none	without_Chlamydiota	order	6	1.0000
recA	ml_ref	none	without_Chlamydiota	all_ranks	19	0.8947
recA	meanpool	onehot	all	phylum	7	0.1429
recA	meanpool	onehot	all	class	11	0.1818
recA	meanpool	onehot	all	order	7	0.4286
recA	meanpool	onehot	all	all_ranks	20	0.1500
recA	meanpool	onehot	without_Chlamydiota	phylum	6	0.0000
recA	meanpool	onehot	without_Chlamydiota	class	10	0.1000
recA	meanpool	onehot	without_Chlamydiota	order	6	0.3333
recA	meanpool	onehot	without_Chlamydiota	all_ranks	19	0.1053
recA	meanpool	esm2_t12_35M_UR50D	all	phylum	7	0.1429
recA	meanpool	esm2_t12_35M_UR50D	all	class	11	0.1818
recA	meanpool	esm2_t12_35M_UR50D	all	order	7	0.7143
recA	meanpool	esm2_t12_35M_UR50D	all	all_ranks	20	0.3000
recA	meanpool	esm2_t12_35M_UR50D	without_Chlamydiota	phylum	6	0.0000
recA	meanpool	esm2_t12_35M_UR50D	without_Chlamydiota	class	10	0.1000
recA	meanpool	esm2_t12_35M_UR50D	without_Chlamydiota	order	6	0.6667
recA	meanpool	esm2_t12_35M_UR50D	without_Chlamydiota	all_ranks	19	0.2632
recA	pea	onehot	all	phylum	7	0.8571
recA	pea	onehot	all	class	11	0.9091
recA	pea	onehot	all	order	7	1.0000
recA	pea	onehot	all	all_ranks	20	0.9000
recA	pea	onehot	without_Chlamydiota	phylum	6	0.8333
recA	pea	onehot	without_Chlamydiota	class	10	0.9000
recA	pea	onehot	without_Chlamydiota	order	6	1.0000
recA	pea	onehot	without_Chlamydiota	all_ranks	19	0.8947
recA	pea	esm2_t12_35M_UR50D	all	phylum	7	0.5714
recA	pea	esm2_t12_35M_UR50D	all	class	11	1.0000
recA	pea	esm2_t12_35M_UR50D	all	order	7	1.0000
recA	pea	esm2_t12_35M_UR50D	all	all_ranks	20	0.8500
recA	pea	esm2_t12_35M_UR50D	without_Chlamydiota	phylum	6	0.5000
recA	pea	esm2_t12_35M_UR50D	without_Chlamydiota	class	10	1.0000
recA	pea	esm2_t12_35M_UR50D	without_Chlamydiota	order	6	1.0000
recA	pea	esm2_t12_35M_UR50D	without_Chlamydiota	all_ranks	19	0.8421
recA	msaresid_mafft	onehot	all	phylum	7	0.8571
recA	msaresid_mafft	onehot	all	class	11	0.9091
recA	msaresid_mafft	onehot	all	order	7	1.0000
recA	msaresid_mafft	onehot	all	all_ranks	20	0.9000
recA	msaresid_mafft	onehot	without_Chlamydiota	phylum	6	0.8333
recA	msaresid_mafft	onehot	without_Chlamydiota	class	10	0.9000
recA	msaresid_mafft	onehot	without_Chlamydiota	order	6	1.0000
recA	msaresid_mafft	onehot	without_Chlamydiota	all_ranks	19	0.8947
recA	msaresid_mafft	esm2_t12_35M_UR50D	all	phylum	7	0.5714
recA	msaresid_mafft	esm2_t12_35M_UR50D	all	class	11	1.0000
recA	msaresid_mafft	esm2_t12_35M_UR50D	all	order	7	1.0000
recA	msaresid_mafft	esm2_t12_35M_UR50D	all	all_ranks	20	0.8500
recA	msaresid_mafft	esm2_t12_35M_UR50D	without_Chlamydiota	phylum	6	0.5000
recA	msaresid_mafft	esm2_t12_35M_UR50D	without_Chlamydiota	class	10	1.0000
recA	msaresid_mafft	esm2_t12_35M_UR50D	without_Chlamydiota	order	6	1.0000
recA	msaresid_mafft	esm2_t12_35M_UR50D	without_Chlamydiota	all_ranks	19	0.8421
recA	ml	none	all	phylum	7	0.8571
recA	ml	none	all	class	11	0.9091
recA	ml	none	all	order	7	1.0000
recA	ml	none	all	all_ranks	20	0.9000
recA	ml	none	without_Chlamydiota	phylum	6	0.8333
recA	ml	none	without_Chlamydiota	class	10	0.9000
recA	ml	none	without_Chlamydiota	order	6	1.0000
recA	ml	none	without_Chlamydiota	all_ranks	19	0.8947
recA	bionj	none	all	phylum	7	0.7143
recA	bionj	none	all	class	11	0.9091
recA	bionj	none	all	order	7	1.0000
recA	bionj	none	all	all_ranks	20	0.8500
recA	bionj	none	without_Chlamydiota	phylum	6	0.6667
recA	bionj	none	without_Chlamydiota	class	10	0.9000
recA	bionj	none	without_Chlamydiota	order	6	1.0000
recA	bionj	none	without_Chlamydiota	all_ranks	19	0.8421
recA	kmer	none	all	phylum	7	0.5714
recA	kmer	none	all	class	11	0.7273
recA	kmer	none	all	order	7	1.0000
recA	kmer	none	all	all_ranks	20	0.7000
recA	kmer	none	without_Chlamydiota	phylum	6	0.5000
recA	kmer	none	without_Chlamydiota	class	10	0.7000
recA	kmer	none	without_Chlamydiota	order	6	1.0000
recA	kmer	none	without_Chlamydiota	all_ranks	19	0.6842
rpsC	ml_ref	none	all	phylum	7	1.0000
rpsC	ml_ref	none	all	class	11	1.0000
rpsC	ml_ref	none	all	order	7	0.8571
rpsC	ml_ref	none	all	all_ranks	20	0.9500
rpsC	ml_ref	none	without_Chlamydiota	phylum	6	1.0000
rpsC	ml_ref	none	without_Chlamydiota	class	10	1.0000
rpsC	ml_ref	none	without_Chlamydiota	order	6	0.8333
rpsC	ml_ref	none	without_Chlamydiota	all_ranks	19	0.9474
rpsC	meanpool	onehot	all	phylum	7	0.2857
rpsC	meanpool	onehot	all	class	11	0.6364
rpsC	meanpool	onehot	all	order	7	0.5714
rpsC	meanpool	onehot	all	all_ranks	20	0.4500
rpsC	meanpool	onehot	without_Chlamydiota	phylum	6	0.1667
rpsC	meanpool	onehot	without_Chlamydiota	class	10	0.6000
rpsC	meanpool	onehot	without_Chlamydiota	order	6	0.5000
rpsC	meanpool	onehot	without_Chlamydiota	all_ranks	19	0.4211
rpsC	meanpool	esm2_t12_35M_UR50D	all	phylum	7	0.2857
rpsC	meanpool	esm2_t12_35M_UR50D	all	class	11	0.5455
rpsC	meanpool	esm2_t12_35M_UR50D	all	order	7	0.8571
rpsC	meanpool	esm2_t12_35M_UR50D	all	all_ranks	20	0.5000
rpsC	meanpool	esm2_t12_35M_UR50D	without_Chlamydiota	phylum	6	0.1667
rpsC	meanpool	esm2_t12_35M_UR50D	without_Chlamydiota	class	10	0.5000
rpsC	meanpool	esm2_t12_35M_UR50D	without_Chlamydiota	order	6	0.8333
rpsC	meanpool	esm2_t12_35M_UR50D	without_Chlamydiota	all_ranks	19	0.4737
rpsC	pea	onehot	all	phylum	7	0.8571
rpsC	pea	onehot	all	class	11	1.0000
rpsC	pea	onehot	all	order	7	1.0000
rpsC	pea	onehot	all	all_ranks	20	0.9500
rpsC	pea	onehot	without_Chlamydiota	phylum	6	0.8333
rpsC	pea	onehot	without_Chlamydiota	class	10	1.0000
rpsC	pea	onehot	without_Chlamydiota	order	6	1.0000
rpsC	pea	onehot	without_Chlamydiota	all_ranks	19	0.9474
rpsC	pea	esm2_t12_35M_UR50D	all	phylum	7	1.0000
rpsC	pea	esm2_t12_35M_UR50D	all	class	11	1.0000
rpsC	pea	esm2_t12_35M_UR50D	all	order	7	1.0000
rpsC	pea	esm2_t12_35M_UR50D	all	all_ranks	20	1.0000
rpsC	pea	esm2_t12_35M_UR50D	without_Chlamydiota	phylum	6	1.0000
rpsC	pea	esm2_t12_35M_UR50D	without_Chlamydiota	class	10	1.0000
rpsC	pea	esm2_t12_35M_UR50D	without_Chlamydiota	order	6	1.0000
rpsC	pea	esm2_t12_35M_UR50D	without_Chlamydiota	all_ranks	19	1.0000
rpsC	msaresid_mafft	onehot	all	phylum	7	1.0000
rpsC	msaresid_mafft	onehot	all	class	11	1.0000
rpsC	msaresid_mafft	onehot	all	order	7	1.0000
rpsC	msaresid_mafft	onehot	all	all_ranks	20	1.0000
rpsC	msaresid_mafft	onehot	without_Chlamydiota	phylum	6	1.0000
rpsC	msaresid_mafft	onehot	without_Chlamydiota	class	10	1.0000
rpsC	msaresid_mafft	onehot	without_Chlamydiota	order	6	1.0000
rpsC	msaresid_mafft	onehot	without_Chlamydiota	all_ranks	19	1.0000
rpsC	msaresid_mafft	esm2_t12_35M_UR50D	all	phylum	7	0.7143
rpsC	msaresid_mafft	esm2_t12_35M_UR50D	all	class	11	1.0000
rpsC	msaresid_mafft	esm2_t12_35M_UR50D	all	order	7	1.0000
rpsC	msaresid_mafft	esm2_t12_35M_UR50D	all	all_ranks	20	0.9000
rpsC	msaresid_mafft	esm2_t12_35M_UR50D	without_Chlamydiota	phylum	6	0.6667
rpsC	msaresid_mafft	esm2_t12_35M_UR50D	without_Chlamydiota	class	10	1.0000
rpsC	msaresid_mafft	esm2_t12_35M_UR50D	without_Chlamydiota	order	6	1.0000
rpsC	msaresid_mafft	esm2_t12_35M_UR50D	without_Chlamydiota	all_ranks	19	0.8947
rpsC	ml	none	all	phylum	7	1.0000
rpsC	ml	none	all	class	11	1.0000
rpsC	ml	none	all	order	7	0.8571
rpsC	ml	none	all	all_ranks	20	0.9500
rpsC	ml	none	without_Chlamydiota	phylum	6	1.0000
rpsC	ml	none	without_Chlamydiota	class	10	1.0000
rpsC	ml	none	without_Chlamydiota	order	6	0.8333
rpsC	ml	none	without_Chlamydiota	all_ranks	19	0.9474
rpsC	bionj	none	all	phylum	7	0.7143
rpsC	bionj	none	all	class	11	1.0000
rpsC	bionj	none	all	order	7	1.0000
rpsC	bionj	none	all	all_ranks	20	0.9000
rpsC	bionj	none	without_Chlamydiota	phylum	6	0.6667
rpsC	bionj	none	without_Chlamydiota	class	10	1.0000
rpsC	bionj	none	without_Chlamydiota	order	6	1.0000
rpsC	bionj	none	without_Chlamydiota	all_ranks	19	0.8947
rpsC	kmer	none	all	phylum	7	1.0000
rpsC	kmer	none	all	class	11	1.0000
rpsC	kmer	none	all	order	7	1.0000
rpsC	kmer	none	all	all_ranks	20	1.0000
rpsC	kmer	none	without_Chlamydiota	phylum	6	1.0000
rpsC	kmer	none	without_Chlamydiota	class	10	1.0000
rpsC	kmer	none	without_Chlamydiota	order	6	1.0000
rpsC	kmer	none	without_Chlamydiota	all_ranks	19	1.0000
