family	method	model	scope	reps	mean	lo	hi
recA	ml_ref	none	all	200	0.8884	0.8333	1.0000
recA	ml_ref	none	without_Chlamydiota	200	0.8795	0.8182	1.0000
recA	meanpool	onehot	all	200	0.2155	0.0714	0.4000
recA	meanpool	onehot	without_Chlamydiota	200	0.1535	0.0000	0.3571
recA	meanpool	esm2_t12_35M_UR50D	all	200	0.2674	0.1429	0.4007
recA	meanpool	esm2_t12_35M_UR50D	without_Chlamydiota	200	0.2095	0.0769	0.3578
recA	pea	onehot	all	200	0.8884	0.8333	1.0000
recA	pea	onehot	without_Chlamydiota	200	0.8795	0.8182	1.0000
recA	pea	esm2_t12_35M_UR50D	all	200	0.8139	0.7692	0.8679
recA	pea	esm2_t12_35M_UR50D	without_Chlamydiota	200	0.7992	0.7500	0.8584
recA	msaresid_mafft	onehot	all	200	0.8884	0.8333	1.0000
recA	msaresid_mafft	onehot	without_Chlamydiota	200	0.8795	0.8182	1.0000
recA	msaresid_mafft	esm2_t12_35M_UR50D	all	200	0.8139	0.7692	0.8679
recA	msaresid_mafft	esm2_t12_35M_UR50D	without_Chlamydiota	200	0.7992	0.7500	0.8584
recA	ml	none	all	200	0.8884	0.8333	1.0000
recA	ml	none	without_Chlamydiota	200	0.8795	0.8182	1.0000
recA	bionj	none	all	200	0.8195	0.7500	0.9333
recA	bionj	none	without_Chlamydiota	200	0.8051	0.7273	0.9286
recA	kmer	none	all	200	0.7308	0.5714	0.9231
recA	kmer	none	without_Chlamydiota	200	0.7096	0.5385	0.9167
rpsC	ml_ref	none	all	200	0.9532	0.9231	1.0000
rpsC	ml_ref	none	without_Chlamydiota	200	0.9495	0.9167	1.0000
rpsC	meanpool	onehot	all	200	0.4370	0.2857	0.5838
rpsC	meanpool	onehot	without_Chlamydiota	200	0.3925	0.2308	0.5461
rpsC	meanpool	esm2_t12_35M_UR50D	all	200	0.5231	0.3846	0.6923
rpsC	meanpool	esm2_t12_35M_UR50D	without_Chlamydiota	200	0.4855	0.3333	0.6667
rpsC	pea	onehot	all	200	0.9536	0.9231	1.0000
rpsC	pea	onehot	without_Chlamydiota	200	0.9500	0.9167	1.0000
rpsC	pea	esm2_t12_35M_UR50D	all	200	1.0000	1.0000	1.0000
rpsC	pea	esm2_t12_35M_UR50D	without_Chlamydiota	200	1.0000	1.0000	1.0000
rpsC	msaresid_mafft	onehot	all	200	1.0000	1.0000	1.0000
rpsC	msaresid_mafft	onehot	without_Chlamydiota	200	1.0000	1.0000	1.0000
rpsC	msaresid_mafft	esm2_t12_35M_UR50D	all	200	0.9119	0.8462	1.0000
rpsC	msaresid_mafft	esm2_t12_35M_UR50D	without_Chlamydiota	200	0.9051	0.8333	1.0000
rpsC	ml	none	all	200	0.9532	0.9231	1.0000
rpsC	ml	none	without_Chlamydiota	200	0.9495	0.9167	1.0000
rpsC	bionj	none	all	200	0.8870	0.8462	0.9350
rpsC	bionj	none	without_Chlamydiota	200	0.8782	0.8333	0.9304
rpsC	kmer	none	all	200	1.0000	1.0000	1.0000
rpsC	kmer	none	without_Chlamydiota	200	1.0000	1.0000	1.0000
