family	method	model	n_supported	n_missing	frac_missing
recA	meanpool	onehot	25	18	0.7200
recA	meanpool	esm2_t12_35M_UR50D	25	14	0.5600
recA	pea	onehot	25	1	0.0400
recA	pea	esm2_t12_35M_UR50D	25	2	0.0800
recA	msaresid_mafft	onehot	25	1	0.0400
recA	msaresid_mafft	esm2_t12_35M_UR50D	25	2	0.0800
recA	ml	none	25	0	0.0000
recA	bionj	none	25	1	0.0400
recA	kmer	none	25	3	0.1200
rpsC	meanpool	onehot	21	10	0.4762
rpsC	meanpool	esm2_t12_35M_UR50D	21	10	0.4762
rpsC	pea	onehot	21	1	0.0476
rpsC	pea	esm2_t12_35M_UR50D	21	1	0.0476
rpsC	msaresid_mafft	onehot	21	1	0.0476
rpsC	msaresid_mafft	esm2_t12_35M_UR50D	21	1	0.0476
rpsC	ml	none	21	0	0.0000
rpsC	bionj	none	21	1	0.0476
rpsC	kmer	none	21	1	0.0476
